<?xml version="1.0" encoding="UTF-8"?>
<!-- Symbols in the smn/*.h headers specific to `New Super Mario Bros. Wii' -->
<symbols>
    <symbol name="RNG_Rand" size="0x28" offset="0xc" >
        <data>
			7ce02816 7c0029d6 7c003014
        </data>
    </symbol>
    <symbol name="RNG_RandFloat" size="0x44" offset="0x1c" >
        <data>
            7c843114 c002aba8
        </data>
    </symbol>
    <symbol name="RNG_RandFloatZeroed" size="0x44" offset="0x1c" >
        <data>
            7c843114 c002abac
        </data>
    </symbol>
    <symbol name="SMNDance_GetUnkown_a6c9" size="0x8" offset="0x0" >
        <data>
            886da6c9 4e800020
        </data>
    </symbol>
    <symbol name="SMNDance_GetUnkown_a6c9Mask" size="0x14" offset="0x0" >
        <data>
            880da6c9 7c001850
        </data>
    </symbol>
    <symbol name="SMNDance_GetMask" size="0x8" offset="0x0" >
        <data>
            886da6ca 4e800020
        </data>
    </symbol>
    <symbol name="SMNDance_Enabled" size="0x18" offset="0x0" >
        <data>
            880da6ca 7c031838
        </data>
    </symbol>
    <symbol name="SMNDance_GetUnkown_a6cb" size="0x8" offset="0x0" >
        <data>
            886da6cb 4e800020
        </data>
    </symbol>
    <symbol name="SMNDance_GetUnkown_82ae" size="0x8" offset="0x0" >
        <data>
            a06d82ae 4e800020
        </data>
    </symbol>
    <symbol name="SMNDance_SetUnkown_82b0" size="0x8" offset="0x0" >
        <data>
            906d82b0 4e800020
        </data>
    </symbol>
    <symbol name="SMNDance_GetUnkown_82b0" size="0x8" offset="0x0" >
        <data>
            806d82b0 4e800020
        </data>
    </symbol>
    <symbol name="SMNDance_SetUnkown_a6cc" size="0x8" offset="0x0" >
        <data>
            906da6cc 4e800020
        </data>
    </symbol>
    <symbol name="SMNDance_GetUnkown_a6cc" size="0x8" offset="0x0" >
        <data>
            806da6cc 4e800020
        </data>
    </symbol>
</symbols>
