<?xml version="1.0" encoding="UTF-8" standalone="yes"?>
<app version="1">
    <name>ConnectMii</name>
    <coder>JoostinOnline</coder>
    <version>v1.2</version>
    <release_date>20130414000000</release_date>
    <short_description>Enables WC24 and Standby</short_description>
    <long_description>This app enables WiiConnect24 and Standby mode so you can run the News Channel and Everybody Votes Channel on a vWii.  After patches are applied, you can launch either of them directly from the app.  It must be run everytime you load the vWii on your Wii U, since the system resets the values.

You can also edit the argument in this meta.xml file to exit directly to a channel of your choice.  Just replace "ABCD" with the channel ID.</long_description>
	<arguments>
		<arg>id=ABCD</arg>
	</arguments>
	<ahb_access/>
</app>