<?xml version="1.0" encoding="UTF-8" standalone="yes"?>
<app version="1">
  <name>CleanRip</name>
  <coder>emu_kidid</coder>
  <version>2.0.0</version>
  <release_date>20130728</release_date>
  <short_description>Wii/GC Disc Ripper Tool</short_description> 
  <long_description>
    A tool to backup your Gamecube/Wii Discs via IOS58
    Features:
    - FAT/NTFS (libntfs-2012-1-15(r13))
    - USB 2.0 support
    - Front SD support
    - BCA Dumping
    - Redump.org Rip Verification (via gc-forever.com)
    Requirements:
    - Wii
    - Wii/GC Controller
    - USB or SD storage device (>1.35GB free space)
    - HBC 1.0.8 or greater installed
</long_description> 
<ahb_access />
</app>
