<?xml version="1.0" encoding="UTF-8" standalone="yes"?>
<app version="1">
  <name>WiiFlow Lite</name>
  <coder>Fledge68</coder>
  <version>4.4.0 r1138</version>
  <release_date>20181605000000</release_date>
  <short_description>USB Loader app</short_description>
  <long_description>
    WiiFlow Lite is a app for loading backup games from a USB Device or SD card.
    It displays your games in a coverflow with 3D full box covers.
    
    Key features:
    * Emulated NAND support
    * Plugin system for emu apps
    * Devolution support
    * Nintendont support
    * Neek2o support
  </long_description>
  <no_ios_reload/>
</app>