<?xml version="1.0" encoding="UTF-8" standalone="yes"?>
  <app version="1">
    <name>NetSlug Wii</name>
    <coder>Chadderz</coder>
    <version>v01.0002mod_2</version>
    <release_date>20170903000000</release_date>
    <short_description>Play online throw Local!</short_description>
    <long_description>Thanks to NetSlug (Based on BrainSlug), you can play online with your friend on local multiplayer.

Credits:

MrBean35000vr and Chadderz // Creator/developers source Code

DontwaitYT // Compiled and pubblicated on GBATemp

AleTM // Icon banner

Original source code: https://github.com/MrBean35000vr/netslug-wii</long_description>
  </app>